{
  "boat_share": 29.650246444902606,
  "boat_units_12": 33728650.0,
  "noise_units_12": 12920364.0,
  "boat_yoy": 0.21730465274414357,
  "mkt_yoy": -3.873157840285535,
  "market_units_12": 113755041.0,
  "data_end": "2026-03"
}